{"Model No.": 3, "Layers": "[10]", "Learning Rate": 0.01, "Dropout": 0.0, "Accuracy": 0.7666666666666667, "Precision": 0.38461538461538464, "Recall": 0.45454545454545453, "F1-Score": 0.4166666666666667, "ROC-AUC": 0.7105751391465678}