{"Model No.": 5, "Layers": "[16, 8]", "Learning Rate": 0.001, "Dropout": 0.0, "Accuracy": 0.7333333333333333, "Precision": 0.38095238095238093, "Recall": 0.7272727272727273, "F1-Score": 0.5, "ROC-AUC": 0.7847866419294991}