Model No.,Layers,Learning Rate,Dropout,Accuracy,Precision,Recall,F1-Score,ROC-AUC
1,[10],0.001,0.0,0.5833333333333334,0.23076923076923078,0.5454545454545454,0.32432432432432434,0.6178107606679035
2,[10],0.001,0.3,0.6166666666666667,0.2857142857142857,0.7272727272727273,0.41025641025641024,0.7847866419294991
3,[10],0.01,0.0,0.7666666666666667,0.38461538461538464,0.45454545454545453,0.4166666666666667,0.7105751391465678
4,[10],0.01,0.3,0.6166666666666667,0.2692307692307692,0.6363636363636364,0.3783783783783784,0.7495361781076066
5,"[16, 8]",0.001,0.0,0.6166666666666667,0.2692307692307692,0.6363636363636364,0.3783783783783784,0.6419294990723563
6,"[16, 8]",0.001,0.3,0.55,0.23333333333333334,0.6363636363636364,0.34146341463414637,0.608534322820037
7,"[16, 8]",0.01,0.0,0.8333333333333334,0.6,0.2727272727272727,0.375,0.6623376623376623
8,"[16, 8]",0.01,0.3,0.5,0.1935483870967742,0.5454545454545454,0.2857142857142857,0.6289424860853433
